<?xml version="1.0" encoding="UTF-8" standalone="yes"?>
<addon id="plugin.video.masterfilmesplay" name="Master Filmes Play" version="1.0.0" provider-name="Master Filmes Play">
  <requires>
    <import addon="xbmc.python" version="2.1.0"/>
	<import addon="script.module.addon.common" />
  </requires>
  <extension point="xbmc.python.pluginsource" library="default.py">
		<provides>video</provides>
  </extension>
  <extension point="xbmc.addon.metadata">
	<summary lang="en">Links de Filmes</summary>
	<description lang="en">Assista</description>
	<disclaimer lang="en"></disclaimer>
	<platform>all</platform>
  </extension>
</addon>
