﻿<?xml version="1.0" encoding="UTF-8" standalone="yes"?>
<addon id="repository.masterfilmesplay" name="MasterFilmesPlay Repository" version="1.0.0" provider-name="masterfilmesplay">
    <extension point="xbmc.addon.repository" name="MasterFilmesPlay Repository">
        <info compressed="true">https://github.com/masterfilmesplay/masterfilmesplay/raw/master/addons.xml</info>
        <checksum>https://github.com/masterfilmesplay/masterfilmesplay/raw/master/addons.xml.md5</checksum>
        <datadir zip="true">https://github.com/masterfilmesplay/masterfilmesplay/raw/master/repo</datadir>
    </extension>
    <extension point="xbmc.addon.metadata">
        <summary>MasterFilmesPlay Repository</summary>
        <description>Master Filmes Play collection all addons</description>
        <platform>all</platform>
    </extension>
</addon>
